.github/workflows/ci.yml	91-97	- name: Upload baseline JSON if: always() uses: actions/upload-artifact@v4 with: name: zeta-baseline path: artifacts/zeta_baseline.json if-no-files-found: warn
RELEASE_NOTES_v1.0.19.zeta	19	"Struct literals allocate on heap via runtime_malloc — no dangling stack pointers",
docs/ARCHITECTURE-REVIEW-2026-09.md	102	- **符号 ABI 靠启发式瀑布对齐**：`get_or_declare_function`（codegen.rs:2415–2727，约 310 行）依次尝试裸名→mangle→裸方法+arity 校验→`name_N` 后缀→`_inst_` 泛型→剥尾缀→LLVM `.N` 冲突改名→`host_` 前缀→兜底
docs/ARCHITECTURE-REVIEW-2026-09.md	103	- **四份符号表手工同步**：新增一个运行时函数要改 ①codegen `new()` 里 240 个 LLVM 声明 ②gen.rs 分发 ③C 实现 ④必要时 `.set` 别名；JIT 模式还要在 jit.rs 的 ~90 个 `add_global_mapping` 里再登记一份。
docs/ARCHITECTURE-REVIEW-2026-09.md	104	- **静默错值链**：`coerce_call_args` 自动 zext/truncate/sitofp/fptosi 任何参数不匹配（validate.md 记录的 `abs(-2.5)→nan` 即此类）；方法名撞 libc（`isalnum/isspace/strftime`）会静默链接到 libc 同名函数
docs/ARCHITECTURE-REVIEW-2026-09.md	115	- **幽灵符号**：`registry.txt:208` 的 `py_asdict_unexpanded` 在 C 与 src 中均不存在——纯字符串表无校验的直接后果。
docs/ARCHITECTURE-REVIEW-2026-09.md	149	| 2 | 静默类型伪装 | 未标注形参恒 i64（roadmap 反复撞墙的根因）；`coerce_call_args` 无条件强转；方法名撞 libc 静默链接 | 收敛强转白名单；未标注参数显式标记 Dynamic 而非 i64；跨保留名检查 libc 碰撞并告警 | 中 |
pylib/pandas.z	25-26	if not data: data = {}
pylib/registry.txt	219	F dataclasses asdict py_asdict_unexpanded args=i64 ret=i64 stub=1
pylib/registry.txt	294	F sys exit py_sys_exit args=i64 ret=void
pylib/registry.txt	441	W PyArgParser parse_args py_argparse_parse args=1 ret_handle=PyArgNS
pylib/registry.txt	511	X zeta_call_fn_arg args=i64,i64 ret=i64
pylib/runtime_aliases.txt	1	# LLVM .N rename aliases (Darwin leading _). Generated/edited by hand; rebuild via tools/build_runtime.sh
pylib/runtime_core.txt	37	zeta_dynarray_new args=i64 ret=i64
runtime/aliases.inc.c	1-2	/* @generated by tools/gen_from_registry.py --emit-aliases — DO NOT EDIT */ /* Source: pylib/runtime_aliases.txt */
runtime/aliases.inc.c	12	".globl _print.13\n\t.set _print.13, _print2\n"
runtime/py_additions.c	43	int64_t host_str_eq(int64_t a, int64_t b) { return str_eq(a, b); }
runtime/py_additions.c	244	int64_t map_str_key(int64_t handle) {
runtime/py_additions.c	244-268	int64_t map_str_key(int64_t handle) { if (!handle) return 0; // Batch 291: vec<str> slots can hold small strings PACKED into the 8-byte // word ("43601853" = 0x
runtime/py_additions.c	1301	int64_t zt_dyn_str_map(int64_t vec, int64_t fn) __asm__("_[dynamic]str__map");
runtime/py_additions.c	1984	static int zt_packed_cstr_eq(int64_t packed, const char* s) {
runtime/py_additions.c	1986-1987	if (n > 7) return 0; const unsigned char* p = (const unsigned char*)&packed;
runtime/py_additions.c	2166	int64_t* pair = (int64_t*)GC_malloc(24);
runtime/py_additions.c	2191-2225	int64_t py_argparse_parse(int64_t parser) { int64_t ns = map_new(); int64_t n = zt_vec_len(parser); for (int64_t i = 0; i < n; i++) { int64_t* pair = (int64_t*)
runtime/py_additions.c	2195	int64_t* pair = (int64_t*)((int64_t*)parser)[i];
runtime/py_additions.c	2203	map_insert(ns, map_str_key((int64_t)dest), (int64_t)GC_strdup(val ? val : ""));
runtime/py_additions.c	3060	int64_t zeta_env_get(int64_t name_handle) {
runtime/py_additions.c	3076	int64_t zeta_param_default(int64_t index, int64_t value) { (void)index; return value; }
runtime/py_additions.c	3347	if (getenv("ZETA_PROBE")) {
runtime/py_additions.c	3808	int64_t zeta_call_fn_arg(int64_t fn_ptr, int64_t arg) {
runtime/py_additions.c	3935	if (getenv("ZETA_LENIENT_STUBS") != NULL) {
runtime/py_additions.c	3942	(void)getenv("ZETA_STRICT_STUBS"); /* default is strict; env is documentary */
runtime/py_additions.c	4036	int64_t zeta_call1(int64_t fptr, int64_t a) {
runtime/py_additions.c	4108-4158	// BATCH-296: geometry-based kind test for a handle whose STATIC type is unknown // (`d = {}; d["x"] = {...}` types the value I64, and `dict[str, Any]` from the
runtime/py_additions.c	4125	static int zt_dyn_is_map(int64_t h) {
runtime/py_additions.c	4125-4135	static int zt_dyn_is_map(int64_t h) { if (h <= 0x1000) return 0; if (GC_base((void*)h) != (void*)h) return 0; int64_t* w = (int64_t*)h; int64_t cap = w[0]; if (
runtime/py_additions.c	4127	if (GC_base((void*)h) != (void*)h) return 0;
runtime/py_additions.c	4137	static int64_t* zt_dyn_vec_hdr(int64_t h) {
runtime/py_additions.c	4137-4158	static int64_t* zt_dyn_vec_hdr(int64_t h) { if (h <= 0x1000) return NULL; int64_t* hdr = (int64_t*)(h - 16); if (GC_base((void*)hdr) != (void*)hdr) return NULL;
runtime/py_additions.c	4144	int64_t have = (int64_t)GC_size((void*)hdr);
runtime/py_additions.c	4160	int64_t zeta_dyn_len(int64_t h) {
runtime/py_additions.c	4160-4172	int64_t zeta_dyn_len(int64_t h) { if (!h) return 0; if (zt_dyn_is_map(h)) return zeta_map_len(h); int64_t* hdr = zt_dyn_vec_hdr(h); if (hdr) return hdr[1]; // T
runtime/py_additions.c	4253	int64_t zt_col_arith(int64_t kind, int64_t a, int64_t b) {
runtime/tokio_runtime_stub.c	250	#define MAP_ENTRY_SIZE 24
runtime/tokio_runtime_stub.c	271-277	// A `-> dict` annotation on a function whose body returns `json.loads(...)` types // the result `map`, while the VALUE is a PyJson cell [tag, payload] (tag 1..
runtime/tokio_runtime_stub.c	285-292	// The h-16 read must NEVER touch memory outside h's own GC block: a map // handle IS its block base, and blocks that start at a page edge make // h-16 a guard 
runtime/tokio_runtime_stub.c	493	// LLVM renames overloaded array_new_1 to array_new.10 internally
runtime/tokio_runtime_stub.c	497-498	// Multi-arg print overloads: LLVM renames print -> print.N per module, and arity // varies (1-6). Provide implementations; the .set aliases below map each prin
runtime/tokio_runtime_stub.c	510-512	// LLVM .N rename aliases — data in pylib/runtime_aliases.txt; // regenerate: python3 tools/gen_from_registry.py --emit-aliases #include "aliases.inc.c"
runtime/tokio_runtime_stub.c	1432-1436	// Registry: stub=1. Loud fail via py_stub_abort (D / advice.md). int64_t py_stub_abort(int64_t name_ptr); int64_t py_asdict_unexpanded(int64_t v) { (void)v; re
runtime/tokio_runtime_stub.c	2967	#define ZJ_NULL 0
runtime/tokio_runtime_stub.c	2967-2973	#define ZJ_NULL 0 #define ZJ_INT 1 #define ZJ_F64 2 #define ZJ_STR 3 #define ZJ_ARR 4 #define ZJ_OBJ 5 #define ZJ_BOOL 6
runtime/tokio_runtime_stub.c	2977	static int64_t zj_make(int64_t tag, int64_t payload) {
runtime/tokio_runtime_stub.c	3397-3427	static int64_t g_tag_val[ZT_TAG_CAP]; static uint64_t zt_tag_slot(int64_t map, int64_t key) { uint64_t h = (uint64_t)map * 1099511628211ULL ^ (uint64_t)key; ret
runtime/tokio_runtime_stub.c	4082	int64_t zeta_call0(int64_t fptr) {
runtime/unavailable_stubs.c	110	if (getenv("ZETA_LENIENT_STUBS") != NULL) {
src/backend/codegen/codegen.rs	60	pub slot_read_ids: std::collections::HashSet<u32>,
src/backend/codegen/codegen.rs	1128	module.add_function("zeta_call1", i64_type.fn_type(&[i64_type.into(), i64_type.into()], false), Some(Linkage::External));
src/backend/codegen/codegen.rs	1133-1136	module.add_function("zeta_call0", i64_type.fn_type(&[i64_type.into()], false), Some(Linkage::External)); module.add_function("zeta_call2", i64_type.fn_type(&[i6
src/backend/codegen/codegen.rs	1138	module.add_function("zeta_dyn_getitem", i64_type.fn_type(&[i64_type.into(), i64_type.into()], false), Some(Linkage::External));
src/backend/codegen/codegen.rs	1145-1147	// variadic: (count, fn_ptr, e1..en) — declared with 6 fixed params // (max unroll width); coerce_call_args pads/truncates the rest module.add_function("zeta_co
src/backend/codegen/codegen.rs	1147	module.add_function("zeta_collect_literals", i64_type.fn_type(&[i64_type.into(), i64_type.into(), i64_type.into(), i64_type.into(), i64_type.into(), i64_type.in
src/backend/codegen/codegen.rs	1173-1174	let printf_type = context.i32_type().fn_type(&[ptr_type.into()], true); // variadic module.add_function("printf", printf_type, Some(Linkage::External));
src/backend/codegen/codegen.rs	1224	"==",
src/backend/codegen/codegen.rs	1403	strict_abi: crate::diagnostics::env_flag("ZETA_STRICT_ABI"),
src/backend/codegen/codegen.rs	1444-1462	fn mangle_function_name( &self, base_name: &str, type_args: &[crate::middle::types::Type], ) -> String { if type_args.is_empty() { return base_name.to_string();
src/backend/codegen/codegen.rs	1473-1482	fn infer_fn_return_type(&self, mir: &Mir) -> inkwell::types::BasicTypeEnum<'ctx> { // 批次 399: the answer comes from `Mir::signature_ret_ty`, the same entry // t
src/backend/codegen/codegen.rs	1480	_ => self.i64_type.into(),
src/backend/codegen/codegen.rs	1656-1664	let param_types: Vec<_> = mir .param_indices .iter() .map(|(_, pid)| match mir.type_map.get(pid) { Some(Type::F32) => self.context.f32_type().into(), Some(Type:
src/backend/codegen/codegen.rs	1666-1670	let fn_type = match ret_type { inkwell::types::BasicTypeEnum::IntType(it) => it.fn_type(&param_types, false), inkwell::types::BasicTypeEnum::FloatType(ft) => ft
src/backend/codegen/codegen.rs	1783	self.slot_read_ids = Self::collect_slot_reads(&mir.stmts);
src/backend/codegen/codegen.rs	1791-1795	for &id in &all_ids { let alloca = match self.current_type_map.as_ref().and_then(|tm| tm.get(&id)) { Some(Type::F32) => self.builder.build_alloca(self.context.f
src/backend/codegen/codegen.rs	1949-1951	/// int→double for a word that came straight out of a container slot is a /// REINTERPRETATION (the writer bit-cast the double), not a numeric /// conversion — 
src/backend/codegen/codegen.rs	1952-1967	fn slot_or_sitofp( &mut self, v: inkwell::values::IntValue<'ctx>, id: u32, name: &str, ) -> inkwell::values::FloatValue<'ctx> { if self.slot_read_ids.contains(&
src/backend/codegen/codegen.rs	1958	if self.slot_read_ids.contains(&id) {
src/backend/codegen/codegen.rs	1996	fn column_arith_dispatch(&self, op: &str, left: u32, right: u32) -> Option<i64> {
src/backend/codegen/codegen.rs	2057-2064	let callee = match self.module.get_function("zt_col_arith") { Some(f) => f, None => self.module.add_function( "zt_col_arith", self.i64_type.fn_type(&[self.i64_t
src/backend/codegen/codegen.rs	2059	None => self.module.add_function(
src/backend/codegen/codegen.rs	2628	let mangled = name.replace("::", "__");
src/backend/codegen/codegen.rs	2747	if (name == ">=" || name == "ge" || name == "ge_i64")
src/backend/codegen/codegen.rs	2754	&& let Some(f) = self.module.get_function("option_make_some")
src/backend/codegen/codegen.rs	2851	let mangled = name.replace("::", "__");
src/backend/codegen/codegen.rs	2886	let mangled = name.replace("::", "__");
src/backend/codegen/codegen.rs	2902	let mangled = name.replace("::", "__");
src/backend/codegen/codegen.rs	2940-2966	// Use 0-param variadic so it accepts any call site's argument count. let fn_type = self.i64_type.fn_type(&[], false); let f = self .module .add_function(&mangl
src/backend/codegen/codegen.rs	2968-3058	"starts_with" | "startswith" => "str_starts_with".to_string(), "ends_with" | "endswith" => "str_ends_with".to_string(), "contains" | "includes" => "str_contains
src/backend/codegen/codegen.rs	2986-3367	fn get_or_declare_function( &mut self, name: &str, type_args: &[crate::middle::types::Type], args_count: usize, ) -> FunctionValue<'ctx> { // Try existing looku
src/backend/codegen/codegen.rs	2992-2993	// Try existing lookup first — check mangled name (:: → __) BEFORE raw name. // gen_mirs stores functions with __, call sites reference with ::.
src/backend/codegen/codegen.rs	2995-3001	let host_mapped_name = if name.starts_with("str_") { format!("host_{}", name) } else if let Some(resolved) = Self::resolve_string_method(name) { format!("host_{
src/backend/codegen/codegen.rs	3005-3013	if name.contains("::") { // The EXACT qualified name first, and if it is not there yet (the // definition may be emitted later in the same module) DECLARE it — 
src/backend/codegen/codegen.rs	3006-3010	// The EXACT qualified name first, and if it is not there yet (the // definition may be emitted later in the same module) DECLARE it — // do NOT fall back to th
src/backend/codegen/codegen.rs	3014	let mangled = name.replace("::", "__");
src/backend/codegen/codegen.rs	3014-3020	let mangled = name.replace("::", "__"); if let Some(f) = self.module.get_function(&mangled) { return f; } if let Some(&f) = self.fns.get(&mangled) { return f; }
src/backend/codegen/codegen.rs	3060-3068	// Also try the method name directly (Self::new → new) // with param count validation and suffix search. if let Some(method) = name.split("::").last() { // Try 
src/backend/codegen/codegen.rs	3069-3074	// Try param-suffixed: new_0, new_1, etc. let suffixed = format!("{}_{}", method, args_count); if let Some(f) = self.module.get_function(&suffixed) { return f; 
src/backend/codegen/codegen.rs	3076-3084	// Check host-mapped name for str_* functions if !host_mapped_name.is_empty() { if let Some(f) = self.module.get_function(&host_mapped_name) { return f; } if le
src/backend/codegen/codegen.rs	3085-3097	// Fall through to raw name check. // Only return the function if the param count matches. // If param count differs, try param-suffixed name below. if let Some
src/backend/codegen/codegen.rs	3098-3106	// Try param-count-suffixed name before extern declaration. // Handles overloaded functions declared as name_N in gen_mirs. let param_suffixed = format!("{}_{}"
src/backend/codegen/codegen.rs	3107-3114	// PY/泛型: call site with no explicit type arguments to a declared // generic function — instantiate with the default substitution // (params fall back to i64, m
src/backend/codegen/codegen.rs	3116-3119	let mangled = self.mangle_function_name(name, type_args); if let Some(f) = self.module.get_function(&mangled) { return f; }
src/backend/codegen/codegen.rs	3120-3133	// PY: declared generic called with (inferred or explicit) type args // — monomorphize. The call name may carry a trailing _argc suffix // (id_1 → id); the gene
src/backend/codegen/codegen.rs	3134-3146	// Also try stripping trailing _N from the full name before mangling. // MIR gen appends _0 for overload disambiguation (oneshot::channel_0), // but the monomor
src/backend/codegen/codegen.rs	3147-3166	// For path-qualified names (e.g., "oneshot::channel::channel_0"), also try mangling // just the base method name — monomorphized functions use fully-qualified 
src/backend/codegen/codegen.rs	3167-3191	// Also try the fully-qualified module path as the function name. // e.g., "oneshot::channel::channel_0" → qualified = "oneshot::channel" // Then mangle: "onesh
src/backend/codegen/codegen.rs	3174	let qual_stored = qual_mangled.replace("::", "__");
src/backend/codegen/codegen.rs	3184	let base_qual_stored = base_qual_mangled.replace("::", "__");
src/backend/codegen/codegen.rs	3192-3201	// Check host-mapped name if !host_mapped_name.is_empty() && let Some(f) = self.module.get_function(&host_mapped_name) { return f; } // Check bare name in case 
src/backend/codegen/codegen.rs	3203-3208	// Also handle LLVM's internal .N suffix for overloaded functions // (LLVM renames e.g. array_new_1 to array_new.1 when name collision detected) let dot_suffixe
src/backend/codegen/codegen.rs	3209-3216	// Try param-count-suffixed name before creating extern. let param_suffixed = format!("{}_{}", name, args_count); if let Some(f) = self.module.get_function(&par
src/backend/codegen/codegen.rs	3224-3226	// Guard: the suffix must be ALL digits (a real _N disambiguator). // Without this, "to_string_f64" was treated as "to_string" + suffix // ("f64" contains digit
src/backend/codegen/codegen.rs	3259	base_name.replace("::", "__")
src/backend/codegen/codegen.rs	3262	.replace("::", "__")
src/backend/codegen/codegen.rs	3321-3325	let param_types: Vec<_> = (0..args_count).map(|_| self.i64_type.into()).collect(); let fn_type = self.i64_type.fn_type(&param_types, false); return self .module
src/backend/codegen/codegen.rs	3334-3352	// Dedupe guard: adding a function whose name already exists makes LLVM // auto-rename the duplicate (name.N), producing call sites that point // at symbols wit
src/backend/codegen/codegen.rs	3347-3349	// linker could never satisfy (4 of them: __get_price_3/__get_price_7/ // __get_trade_days_2/__OrderCost_6). Default arguments make the // call-site arity diffe
src/backend/codegen/codegen.rs	3350	if actual_name.starts_with("zeta_") || actual_name.contains("__") {
src/backend/codegen/codegen.rs	3363-3366	let param_types: Vec<_> = (0..args_count).map(|_| self.i64_type.into()).collect(); let fn_type = self.i64_type.fn_type(&param_types, false); self.module .add_fu
src/backend/codegen/codegen.rs	3872-3897	MirStmt::Assign { lhs, rhs } => { let val = self.gen_expr_safe(rhs, exprs); let alloca = *self.locals.get(lhs).unwrap(); // An INT value stored into a FLOAT slo
src/backend/codegen/codegen.rs	3906	self.note_return_slot_mismatch(func, dest, args.len());
src/backend/codegen/codegen.rs	4392-4400	let cmp = self.builder.build_int_compare(inkwell::IntPredicate::EQ, l, r, "eq").unwrap(); self.builder.build_int_z_extend(cmp, self.i64_type, "eq_ext").unwrap()
src/backend/codegen/codegen.rs	4430	let coerced = self.coerce_call_args(callee, arg_vals, args);
src/backend/codegen/codegen.rs	4446	let coerced = self.coerce_call_args(callee, arg_vals, args);
src/backend/codegen/codegen.rs	4543	if func == "read" && args.len() == 1 {
src/backend/codegen/codegen.rs	4929	// The MIR gen already appends _N (arg count) to function names.
src/backend/codegen/codegen.rs	4948-4959	let needs_ptr_arg = base_func == "option_is_some" || base_func == "option_get_data" || base_func == "option_free" || base_func == "host_result_is_ok" || base_fu
src/backend/codegen/codegen.rs	4961-4980	let arg_vals: Vec<BasicMetadataValueEnum> = args .iter() .enumerate() .map(|(i, &id)| { let val = self.gen_expr_safe(&id, exprs); // If this function needs poin
src/backend/codegen/codegen.rs	4981	let coerced = self.coerce_call_args(callee, arg_vals, args);
src/backend/codegen/codegen.rs	4985-4993	let final_val = if returns_ptr { let ptr_val = val.into_pointer_value(); self.builder .build_ptr_to_int(ptr_val, self.i64_type, "ptrtoint") .unwrap() .into() } 
src/backend/codegen/codegen.rs	5138	let coerced = self.coerce_call_args(callee, arg_vals, args);
src/backend/codegen/codegen.rs	5152-5161	let want_float = self .builder .get_insert_block() .and_then(|b| b.get_parent()) .map_or(false, |f| { matches!( f.get_type().get_return_type(), Some(inkwell::ty
src/backend/codegen/codegen.rs	5162-5196	let ret_val = if want_float && !matches!( ret_val.get_type(), inkwell::types::BasicTypeEnum::FloatType(_) ) { self.builder .build_signed_int_to_float(ret_val.in
src/backend/codegen/codegen.rs	5184-5185	// linker at all. `infer_fn_return_type` only scans top-level // returns, so nested ones are never consulted.
src/backend/codegen/codegen.rs	5359	let coerced = self.coerce_call_args(
src/backend/codegen/codegen.rs	5368-5406	// 0 = int/unknown, 1 = f64, 2 = str, 3 = bool. // 批次 456: container values got their own numbers (4..7) because a // column map (`pd.DataFrame({...})`) must kn
src/backend/codegen/codegen.rs	6095-6116	MirStmt::StructFieldStore { base_id, field, val_id, } => { // base.field = val — store through the heap struct pointer. // Fields are 8-byte slots at offset ind
src/backend/codegen/codegen.rs	6318	fn gen_expr_safe(&mut self, id: &u32, exprs: &HashMap<u32, MirExpr>) -> BasicValueEnum<'ctx> {
src/backend/codegen/codegen.rs	6397	/// Map a class SPELLING onto the bare variant the layout tables are keyed
src/backend/codegen/codegen.rs	6398-6401	/// by. Two spellings reach the backend: the `Cls::method` prefix of a MIR /// item, and a receiver's declared `Named(...)` type — which is /// module-mangled (
src/backend/codegen/codegen.rs	6585-6590	let declared = self .current_type_map .as_ref() .and_then(|tm| tm.get(&base)) .and_then(|t| match t { Type::Named(n, _) => Some(n.clone()),
src/backend/codegen/codegen.rs	6664-6685	None => { let recovered = self.resolve_struct_layout_by_field(field); // BATCH-427: when BOTH routes decline, the read goes // on silently against the stand-in,
src/backend/codegen/codegen.rs	6849-6868	MirExpr::StringLit(s) => { let global = self.module.add_global( self.context.i8_type().array_type(s.len() as u32 + 1), None, "str_lit", ); global.set_linkage(in
src/backend/codegen/codegen.rs	6926-6931	// `FieldAccess` operand cannot look up its static type, so a float // field skipped the bitcast-back and the fold ran on the raw BIT // PATTERN: `self._cash = 
src/backend/codegen/codegen.rs	7037	if (l_str || r_str) && matches!(op.as_str(), "==" | "!=" | "+") {
src/backend/codegen/codegen.rs	7384	let field_val = self.gen_expr(&exprs[field_id], exprs, None);
src/backend/codegen/codegen.rs	7385	// Struct fields are stored as 64-bit slots; bitcast float to i64 to fit.
src/backend/codegen/codegen.rs	7423-7424	// Return heap pointer as i64 (caller reads from valid heap memory) heap_ptr_val.into()
src/backend/codegen/codegen.rs	7566-7578	let struct_type = if let Some(ty) = self.specialized_types.get(&type_key) { *ty } else { let field_types: Vec<_> = (0..field_count).map(|_| self.i64_type.into()
src/backend/codegen/codegen.rs	7583-7586	let extracted = self .builder .build_extract_value(loaded_struct.into_struct_value(), field_index, "") .unwrap();
src/backend/codegen/codegen.rs	7768	MirExpr::StackArray { elements, size } => {
src/backend/codegen/codegen.rs	7853-7854	// Return pointer to elem0 (buf + 16) as i64 let data_ptr = unsafe {
src/backend/codegen/codegen.rs	7928-8053	fn coerce_call_args( &mut self, callee: inkwell::values::FunctionValue<'ctx>, args: Vec<BasicMetadataValueEnum<'ctx>>, arg_ids: &[u32], ) -> Vec<BasicMetadataVa
src/backend/codegen/codegen.rs	7962-7969	(BasicMetadataValueEnum::IntValue(iv), inkwell::types::BasicTypeEnum::IntType(pt)) => { let arg_ty = iv.get_type(); if arg_ty.get_bit_width() < pt.get_bit_width
src/backend/codegen/codegen.rs	7970-7978	self.abi_note( &callee_name, i, &format!( "narrow i{}→i{}", arg_ty.get_bit_width(), pt.get_bit_width() ), );
src/backend/codegen/codegen.rs	7979-7982	match self.builder.build_int_truncate(iv, pt, "arg_trunc") { Ok(v) => result.push(BasicMetadataValueEnum::from(v)), Err(_) => result.push(BasicMetadataValueEnum
src/backend/codegen/codegen.rs	7983-7985	} else { result.push(BasicMetadataValueEnum::IntValue(iv)); }
src/backend/codegen/codegen.rs	7987-7998	(BasicMetadataValueEnum::IntValue(iv), inkwell::types::BasicTypeEnum::FloatType(ft)) => { // Batch 299: a raw container-slot word is a BIT PATTERN, so // reinte
src/backend/codegen/codegen.rs	7999-8002	self.builder .build_signed_int_to_float(iv, ft, "arg_sitofp") .map(|v| BasicValueEnum::from(v)) };
src/backend/codegen/codegen.rs	8008-8013	(BasicMetadataValueEnum::FloatValue(fv), inkwell::types::BasicTypeEnum::IntType(pt)) => { self.abi_note( &callee_name, i, &format!("fptosi → i{}", pt.get_bit_wi
src/backend/codegen/codegen.rs	8014-8017	match self.builder.build_float_to_signed_int(fv, pt, "arg_fptosi") { Ok(v) => result.push(BasicMetadataValueEnum::from(v)), Err(_) => result.push(BasicMetadataV
src/backend/codegen/codegen.rs	8019-8023	(BasicMetadataValueEnum::FloatValue(_), inkwell::types::BasicTypeEnum::PointerType(_)) | (BasicMetadataValueEnum::PointerValue(_), inkwell::types::BasicTypeEnum
src/backend/codegen/codegen.rs	8024	_ => result.push(arg),
src/backend/codegen/codegen.rs	8027-8048	if result.len() < n_params { for i in result.len()..n_params { let pt_meta = fn_type.get_param_types()[i]; let zero: BasicMetadataValueEnum<'ctx> = match pt_met
src/backend/codegen/codegen.rs	8049-8050	} else if result.len() > n_params { result.truncate(n_params);
src/backend/codegen/codegen.rs	8055-8069	fn abi_note(&mut self, callee: &str, arg_i: usize, kind: &str) { self.abi_warn_count = self.abi_warn_count.saturating_add(1); if self.abi_warn_count <= 8 { epri
src/backend/codegen/codegen.rs	8057	if self.abi_warn_count <= 8 {
src/backend/codegen/codegen.rs	8063	if self.strict_abi && self.abi_fatal.is_none() {
src/backend/codegen/codegen.rs	8078	fn note_return_slot_mismatch(&mut self, func: &str, dest: &u32, nargs: usize) {
src/backend/codegen/codegen.rs	8461	pub fn type_to_llvm_type(&self, ty: &Type) -> inkwell::types::BasicTypeEnum<'ctx> {
src/backend/codegen/codegen.rs	8567-8573	Type::Tuple(element_types) => { let llvm_element_types: Vec<inkwell::types::BasicTypeEnum> = element_types .iter() .map(|t| self.type_to_llvm_type(t)) .collect(
src/backend/codegen/mod.rs	7	mod runtime_decls_registry;
src/backend/codegen/mod.rs	9	mod runtime_decls_core;
src/backend/codegen/runtime_decls_core.rs	52-53	module.add_function("zeta_env_get", i64_type.fn_type(&[i64_type.into()], false), Some(Linkage::External)); module.add_function("zeta_env_set", void_type.fn_type
src/backend/codegen/runtime_decls_registry.rs	18-24	module.add_function("py_argparse_add", i64_type.fn_type(&[i64_type.into(), i64_type.into(), i64_type.into(), i64_type.into()], false), Some(Linkage::External));
src/diagnostics.rs	515	pub fn env_flag(name: &str) -> bool {
src/frontend/indent.rs	646	fn rewrite_floordiv_lines(lines: &[&str], only_in_brackets: bool) -> Vec<String> {
src/frontend/indent.rs	709	if only_in_brackets && *depth <= 0 {
src/frontend/parser/expr.rs	364	fn parse_raw_string_lit(input: &str) -> IResult<&str, AstNode> {
src/frontend/parser/expr.rs	2422	fn slice_sep(input: &str) -> IResult<&str, ()> {
src/frontend/parser/expr.rs	2440	let (input, start) = if let Ok((rest, _)) = slice_sep(input) {
src/frontend/parser/pattern.rs	22	let (input, pattern) = alt((
src/frontend/parser/pattern.rs	52	parse_bind_pattern,
src/frontend/parser/pattern.rs	54	parse_struct_pattern,
src/frontend/parser/pattern.rs	141	fn parse_struct_pattern(input: &str) -> IResult<&str, AstNode> {
src/frontend/parser/pattern.rs	157-158	// If neither, it's just a variable pattern with a path Ok((input, AstNode::Var(variant)))
src/frontend/parser/pattern.rs	238	fn parse_char_lit(input: &str) -> IResult<&str, AstNode> {
src/frontend/parser/pattern.rs	292	fn parse_bind_pattern(input: &str) -> IResult<&str, AstNode> {
src/frontend/parser/top_level.rs	71-82	// PY-A: `*args` / `**kwargs` star-params — consumed as a single opaque // i64 param (V1: call sites with extra args coerce; real variadics need // arg-tuple su
src/frontend/parser/top_level.rs	347-368	// PY-A: Python default argument values. The AST's `params` only carries // (name, type), so defaults travel as a body-prologue marker // `zeta_param_default(in
src/frontend/parser/top_level.rs	938-951	if mname == "__init__" { has_init = true; init_params = params .iter() .filter(|(n, _)| n != "self" && n != "&self" && n != "&mut self") .cloned() .collect(); /
src/main.rs	642	let strict_abi = args.iter().any(|a| a == "--strict-abi")
src/main.rs	648	let no_link = args.iter().any(|a| a == "--no-link");
src/main.rs	942-945	// Deterministic emission order: HashMap iteration order is // random per process, which made LLVM's print.N collision // renames (and the runtime .set alias ta
src/main.rs	946	all_mirs.sort_by(|a, b| {
src/main.rs	1001	if no_link {
src/middle/mir/gen.rs	446	fn global_ty_of(&self, name: &str) -> Option<Type> {
src/middle/mir/gen.rs	453	.map(|m| format!("{}__", m.replace('.', "_")))
src/middle/mir/gen.rs	489	fn env_store(&mut self, name: &str, value: u32) -> u32 {
src/middle/mir/gen.rs	556	fn env_slot_ty(&self, name: &str) -> Type {
src/middle/mir/gen.rs	579-583	/// The mirror reads the SLOT it follows, never the `rhs` id: codegen /// re-evaluates an expression at each use, so handing over the right-hand /// side a seco
src/middle/mir/gen.rs	584	fn mirror_module_global_writes(&mut self) {
src/middle/mir/gen.rs	603	fn splice_env_mirrors(
src/middle/mir/gen.rs	615	let (mirror, _key) = self.env_mirror(name, lhs);
src/middle/mir/gen.rs	696	Some(format!("{}__{}", module.replace('.', "_"), parts[0]))
src/middle/mir/gen.rs	808	Box::leak(format!("{}__{}", dotted.replace('.', "_"), new_member).into_boxed_str()),
src/middle/mir/gen.rs	815	let prefix = format!("{}__", module.replace('.', "_"));
src/middle/mir/gen.rs	1322-1342	fn warn_unbound(callee: &str, params: &[String], slots: &mut Vec<Option<AstNode>>) { let missing: Vec<&str> = params .iter() .enumerate() .filter(|(i, _)| slots
src/middle/mir/gen.rs	1697	self.mirror_module_global_writes();
src/middle/mir/gen.rs	1761	Self::pin_declared_int_return(&mut mir, ast);
src/middle/mir/gen.rs	1779	fn pin_declared_int_return(mir: &mut Mir, ast: &AstNode) {
src/middle/mir/gen.rs	1860-1861	AstNode::Var(name) if self.nonlocal_names.contains(name) => { // PY-A V3: nonlocal name — defining assignment stores
src/middle/mir/gen.rs	1864	let key_id = self.env_store(name, rhs_id);
src/middle/mir/gen.rs	2411	if self.nonlocal_names.contains(name) {
src/middle/mir/gen.rs	2413	self.env_store(name, rhs_id);
src/middle/mir/gen.rs	2426	} else if self.nonlocal_names.contains(name) {
src/middle/mir/gen.rs	2428	let key_id = self.env_store(name, rhs_id);
src/middle/mir/gen.rs	2522	self.env_store(name, rhs_id);
src/middle/mir/gen.rs	3735	self.lower_ast(body);
src/middle/mir/gen.rs	3816	// Macros should have been expanded before MIR lowering.
src/middle/mir/gen.rs	4099	) -> Vec<(String, u32)> {
src/middle/mir/gen.rs	4121	fn enum_is_boxed(&self, enum_name: &str) -> bool {
src/middle/mir/gen.rs	4223	fn lower_range_guard(
src/middle/mir/gen.rs	4245	func: if inclusive { "<=" } else { "<" }.to_string(),
src/middle/mir/gen.rs	4568	format!("{}__{}", module.replace('.', "_"), member);
src/middle/mir/gen.rs	4575-4593	// PY-A V3: nonlocal names ALWAYS read through env (fresh // value), even when a local alias exists. if self.nonlocal_names.contains(name) { let key_id = self.n
src/middle/mir/gen.rs	4954	"zeta_dyn_truth"
src/middle/mir/gen.rs	7206-7218	if method == "parse_args" && receiver.is_some() { let recv = self.lower_expr(receiver.as_ref().unwrap()); self.stmts.push(MirStmt::Call { func: "py_argparse_par
src/middle/mir/gen.rs	7583-7604	// `log.info(fmt, *args)` — a varargs HANDLE has no // static length, and lowering the starred operand // emitted a raw Deref that codegen compiled into // `ldr
src/middle/mir/gen.rs	8278	func: "zeta_dyn_len".to_string(),
src/middle/mir/gen.rs	8301-8303	// The block written here MUST be the block the runtime readers // decode: `option_is_some` tests slot 0 and `option_get_data` // reads slot 1 (tokio_runtime_st
src/middle/mir/gen.rs	8308-8317	if receiver.is_none() && matches!(method.as_str(), "Some" | "Ok" | "Err") && args.len() == 1 { let val_id = self.lower_expr(&args[0]); let (variant, tag_val) = 
src/middle/mir/gen.rs	8318-8320	// `Option` is `[tag | data]`, `Result` is `[tag | ok | err]` // (the layouts `option_get_data` / `host_result_get_data` // decode), so an unused payload slot i
src/middle/mir/gen.rs	10332	Some(Type::Str) => "println_str",
src/middle/mir/gen.rs	10443-10449	for (i, a) in pos.into_iter().enumerate() { if i < slots.len() { slots[i] = Some(a); } else { slots.push(Some(a)); } }
src/middle/mir/gen.rs	10450-10455	for (n, v) in kw { match params.iter().position(|p| *p == n) { Some(i) => slots[i] = Some(v), None => slots.push(Some(v)), } }
src/middle/mir/gen.rs	10452	Some(i) => slots[i] = Some(v),
src/middle/mir/gen.rs	10453	None => slots.push(Some(v)),
src/middle/mir/gen.rs	10456-10468	// A `**` mapping fills whatever is still unbound. for m in spread { for (i, slot) in slots.iter_mut().enumerate() { if slot.is_none() { *slot = Some(AstNode::S
src/middle/mir/gen.rs	10469-10478	// Finally, declared defaults. if let Some(defaults) = &callee_defaults { for (i, slot) in slots.iter_mut().enumerate() { if slot.is_none() { if let Some(Some(d
src/middle/mir/gen.rs	10608-10644	// PY-A: starred args `f(*arr)` expand to per-element args // (V1: static-size arrays compile-time unrolled). for a in &ordered_args { if let AstNode::UnaryOp {
src/middle/mir/gen.rs	11061	// (`[dynamic]str__max`), reached once annotated params keep their
src/middle/mir/gen.rs	11080	// same ghost family as `.isna()` (`[dynamic]i64__all`).
src/middle/mir/gen.rs	11099	// `[dynamic]str__isna` and aborted. Route to the runtime helper.
src/middle/mir/gen.rs	11118	// vector): compiled to the ghost `[dynamic]str__pct_change`, and
src/middle/mir/gen.rs	11165	func: "[dynamic]str__map".to_string(),
src/middle/mir/gen.rs	11178	// `[dynamic]str__normalize` and the link failed.
src/middle/mir/gen.rs	11424	func: "zeta_dyn_contains".to_string(),
src/middle/mir/gen.rs	11670-11680	.insert(id, Type::DynamicArray(Box::new(elem))); return id; } // PY-A: Python list methods. The opaque-receiver fallback // just below routes `index`/`count` to
src/middle/mir/gen.rs	12966-12990	if receiver.is_none() && arg_ids.len() <= 4 && !self.func_ret_types.contains_key(method.as_str()) && !self.closure_vars.contains_key(method.as_str()) { if let S
src/middle/mir/gen.rs	13255-13257	// Append arg count to disambiguate overloaded functions. // gen_mirs creates name_N for overloaded declarations; // this ensures call sites match the right dec
src/middle/mir/gen.rs	13258-13268	// PY-A: zeta_* runtime dispatch names stay bare — the codegen // method-dispatch (opaque fallback) matches them exactly. // Module-qualified names (`<module>__
src/middle/mir/gen.rs	13269-13275	// Whether the `_<argc>` disambiguation suffix was actually // appended — the return-type lookup below must NOT strip an // underscore that was part of the NAME
src/middle/mir/gen.rs	13282	format!("{}_{}", func, arg_ids.len())
src/middle/mir/gen.rs	13852	// x @ start..end: bind, then guard the range. The
src/middle/mir/gen.rs	14174-14207	if matches!( self.type_map.get(&probe_id), Some(Type::Named(n, _)) if n == "PyArgNS" ) { let kind = self.argparse_kinds.get(field).cloned(); let (func, ty) = ma
src/middle/mir/gen.rs	14889	if path.len() == 1 && path[0] == "Box" && method == "new" && args.len() == 1 {
src/middle/mir/gen.rs	14893	if path.len() == 1 && path[0] == "String" && method == "new" && args.is_empty() {
src/middle/mir/gen.rs	14990	format!("{}_{}", func_name, arg_ids.len())
src/middle/mir/gen.rs	15044	if size == 0 || !matches!(elem_ty_pre, Type::F32 | Type::F64) {
src/middle/mir/gen.rs	15672	func: "zeta_dyn_getitem".to_string(),
src/middle/mir/gen.rs	15700	// bare ghost (`notna_1`, `[dynamic]str__isna`, …).
src/middle/mir/gen.rs	16091	self.env_store(name, cur_id);
src/middle/mir/gen.rs	16327-16332	/// return its name. The closure value is then the function address /// (i64), so `let f = lambda x: x + 1; f(41)` lowers to a direct call /// to the named clos
src/middle/mir/gen.rs	16827	self.mirror_module_global_writes();
src/middle/mir/mir.rs	45-60	/// 批次 399 (类型基础②): the ONE entry saying what this function's `ret` /// carries, so the callee's LLVM signature and the caller's destination slot /// stop being
src/middle/mir/mir.rs	61-75	pub fn signature_ret_ty(&self) -> Option<Type> { for stmt in &self.stmts { if let MirStmt::Return { val } = stmt { if let Some(ty) = self.type_map.get(val) { re
src/middle/pylib.rs	22	const REGISTRY_SRC: &str = include_str!("../../pylib/registry.txt");
src/middle/pylib.rs	866	/// `declare_registry_runtime_fns` emits after task D.
src/middle/pylib.rs	987	assert_eq!(dispatched_member("[dynamic]str::isin"), "isin");
src/middle/resolver/resolver.rs	645-669	if method == "zeta_param_default" && args.len() == 2 { if let AstNode::Lit(i) = &args[0] { if (*i as usize) < defaults.len() { // Fail-loud when the default's l
src/middle/resolver/resolver.rs	659-666	if mismatch { eprintln!( "warning: PY-A: the default for `{}` has a kind that \ parameter type `{}` cannot hold — it is coerced \ (annotate the parameter, or ch
src/middle/resolver/resolver.rs	2109	let mangled = format!("{}__{}", module.replace('.', "_"), member);
src/middle/resolver/resolver.rs	4217	let mangled = format!("{}__{}", canon.replace('.', "_"), src_mem);
src/middle/specialization.rs	27	format!("{}_inst_{}", self.func_name, self.type_args.join("_"))
src/middle/types/mod.rs	768	Type::DynamicArray(inner) => format!("[dynamic]{}", inner.display_name()),
src/runtime/option.rs	17	pub unsafe extern "C" fn option_make_some(data: i64) -> *mut u8 {
tests/python_style/run.sh	34	WORK="$(mktemp -d /tmp/zeta_pytests.XXXXXX)"
tests/python_style/run.sh	35	trap 'rm -rf "$WORK"' EXIT
tests/python_style/run_one.sh	81	if ! "${ZC[@]}" "$f" -o "$wd/$name" >"$wd/$name.cc" 2>&1; then
tests/python_style/run_one.sh	127-129	expected="$(printf '%s\n' "${expects[@]:-}" | sed -e ':a' -e '/^[[:space:]]*$/{$d;N;ba' -e '}')" actual_n="$(printf '%s\n' "$actual" | sed -e ':a' -e '/^[[:spac
tests/python_style/t27_builtins_fmt.z	18	print(abs(-2.5))
tests/unit-tests/bootstrap_validation_test.z	18	let simplified_compiler = r#"
tests/unit-tests/minimal_compiler.z	129	value: Box::new(expr),
tests/unit-tests/murphy_working_final.z	101	return limit / 10
tests/unit-tests/test_arithmetic.z	16	fn divide(a: i64, b: i64) -> i64 {
tests/unit-tests/test_suite.z	6	let source = r#"
tools/baselines/dc_default.txt	2-3	src/backend/codegen/runtime_decls_core.rs:10:8 function `declare_core_runtime_fns` is never used src/backend/codegen/runtime_decls_registry.rs:10:8 function `de
tools/build_runtime.sh	15	python3 tools/gen_from_registry.py --emit --emit-core --emit-jit --emit-aliases
tools/check_registry_symbols.sh	36	/^F / { print $4 }
tools/check_registry_symbols.sh	45	echo "MISSING $sym"
tools/gen_from_registry.py	39	if kind not in ("F", "W", "X"):
tools/gen_from_registry.py	53	if kind == "W" and v.isdigit():
tools/gen_from_registry.py	60-71	if kind == "F": # F module member symbol ... if len(parts) < 4: continue symbol = parts[3] elif kind == "W": if len(parts) < 4: continue symbol = parts[3] if no
tools/gen_from_registry.py	116-128	param_exprs = [] for a in args: if a == "f64": param_exprs.append("f64_type.into()") else: param_exprs.append("i64_type.into()") params = ", ".join(param_exprs)
tools/gen_from_registry.py	288-292	def emit_aliases_inc(path: Path) -> str: lines = [ "/* @generated by tools/gen_from_registry.py --emit-aliases — DO NOT EDIT */", "/* Source: pylib/runtime_alia
tools/parse_bisect.py	207	ap.add_argument("--zetac", default=os.path.join(ROOT, "target/release/zetac"))
tools/run_all.sh	10	ZETAC="${ZETAC:-$ROOT/target/release/zetac}"
tools/run_all.sh	103	elif "$ZETAC" "$z" --no-link -o "/tmp/zt_out/$n" >/dev/null 2>/dev/null; then
tools/run_all.sh	198	jit_ok=$(echo "$line" | sed -nE 's/^jit sweep: ok=([0-9]+) .*/\1/p'); jit_ok=${jit_ok:-0}
tools/run_all.sh	628	if [[ $SKIP_OFFICIAL -eq 0 && $official_compile -ne $official_total ]]; then rc=1; fi
validate.md	46	| `tools/check_registry_symbols.sh` | registry F/W/X ↔ runtime .o | `./tools/check_registry_symbols.sh` |
validate.md	151	- f64 参数的 extern 声明若写 i64 → fptosi 截断（abs(-2.5)→nan 的根因）
zetas/capybara/COMPILER_BUGS.md	29	**Symptom:** Functions stored in LLVM module as `storage::store_open` but called as `storage__store_open` when call site precedes definition.
zetas/capybara/COMPILER_BUGS.md	31	**Root cause:** `gen_mirs` stores functions with `::` separator in LLVM name. `get_function()` at line 1579 tries `__` mangling when lookup fails with `::`. But
zetas/capybara/COMPILER_BUGS.md	33	**Impact:** Multi-file modules unreliable — function call resolution depends on declaration order.
zetas/capybara/COMPILER_BUGS.md	39	**Root cause:** Returning composite types by value generates incorrect LLVM IR — probably returns a pointer to a local instead of copying the values to the call
zetas/capybara/NOTES.md	25-28	### 4. Struct/tuple return value codegen - Returning structs/tuples from functions produces garbage field values - Direct field access on local structs works co
«待归属»	1	5446-5463
«待归属»	1	6976-6981
«待归属»	1	:10
«待归属»	1	:1064
«待归属»	1	:1089
«待归属»	1	:115
«待归属»	1	:117
«待归属»	1	:120
«待归属»	1	:121-125
«待归属»	1	:1257
«待归属»	1	:129
«待归属»	1	:1603
«待归属»	1	:1617
«待归属»	1	:1633-1634
«待归属»	1	:1717
«待归属»	1	:1751
«待归属»	1	:178
«待归属»	1	:185
«待归属»	1	:191
«待归属»	1	:2027-2034
«待归属»	1	:2084
«待归属»	1	:2094
«待归属»	1	:216
«待归属»	1	:222-223
«待归属»	1	:231
«待归属»	1	:239
«待归属»	2	:2392
«待归属»	1	:240
«待归属»	1	:242
«待归属»	1	:251
«待归属»	1	:2542
«待归属»	1	:2543
«待归属»	1	:2561
«待归属»	1	:2566
«待归属»	1	:2571-2574
«待归属»	1	:2578
«待归属»	2	:2579
«待归属»	1	:2580
«待归属»	1	:2584
«待归属»	1	:263
«待归属»	1	:2706
«待归属»	1	:2708
«待归属»	1	:278-279
«待归属»	1	:294
«待归属»	1	:295
«待归属»	1	:3152
«待归属»	1	:3160
«待归属»	1	:3427
«待归属»	3	:3432
«待归属»	1	:3433
«待归属»	1	:3458
«待归属»	1	:3462
«待归属»	1	:3463
«待归属»	1	:3465
«待归属»	1	:3466
«待归属»	1	:3470
«待归属»	1	:3471-3472
«待归属»	3	:3474
«待归属»	1	:3475
«待归属»	1	:3488
«待归属»	1	:3506
«待归属»	1	:3510
«待归属»	1	:3527
«待归属»	1	:3529
«待归属»	1	:3534
«待归属»	3	:3539
«待归属»	1	:3549-3551
«待归属»	2	:3562
«待归属»	1	:3689
«待归属»	1	:3693
«待归属»	1	:4-:17
«待归属»	1	:40
«待归属»	1	:4488-4497
«待归属»	1	:45
«待归属»	1	:5503
«待归属»	1	:572
«待归属»	1	:60
«待归属»	1	:61
«待归属»	1	:6116
«待归属»	1	:645
«待归属»	1	:6630-6690
«待归属»	1	:6792
«待归属»	1	:68
«待归属»	2	:7
«待归属»	1	:82
«待归属»	1	:84-:86
«待归属»	1	:9
«待归属»	1	:99
